{"credit":"MadewithBlockbench","textures":{"0":"entity/chest/normal"},"elements":[{"name":"Cube","from":[1,0,1],"to":[15,10,2],"faces":{"north":{"uv":[0,8.25,3.5,10.75],"texture":"#0"},"east":{"uv":[0,8.25,0.25,10.75],"texture":"#0"},"south":{"uv":[0,8.25,3.5,10.75],"texture":"#0"},"west":{"uv":[0,8.25,0.25,10.75],"texture":"#0"},"up":{"uv":[0,8.25,3.5,8.5],"texture":"#0"},"down":{"uv":[0,8.25,3.5,8.5],"texture":"#0"}}},{"name":"Cube","from":[1,0,14],"to":[15,10,15],"faces":{"north":{"uv":[0,8.25,3.5,10.75],"texture":"#0"},"east":{"uv":[0,8.25,0.25,10.75],"texture":"#0"},"south":{"uv":[3.5,8.25,7,10.75],"texture":"#0"},"west":{"uv":[0,8.25,0.25,10.75],"texture":"#0"},"up":{"uv":[0,8.25,3.5,8.5],"texture":"#0"},"down":{"uv":[0,8.25,3.5,8.5],"texture":"#0"}}},{"name":"Cube","from":[2,0,2],"to":[14,1,14],"faces":{"up":{"uv":[3.75,0.25,6.75,3.25],"texture":"#0"},"down":{"uv":[3.75,0.25,6.75,3.25],"texture":"#0"}}},{"name":"Cube","from":[1,9,-3],"to":[15,10,1],"faces":{"north":{"uv":[0,3.5,3.5,3.75],"texture":"#0"},"east":{"uv":[3.5,3.25,3.75,4.25],"rotation":90,"texture":"#0"},"west":{"uv":[3.5,3.25,3.75,4.25],"rotation":270,"texture":"#0"},"up":{"uv":[0,3.5,3.5,4.5],"texture":"#0"},"down":{"uv":[0,3.5,3.5,4.5],"rotation":180,"texture":"#0"}}},{"name":"Cube","from":[2,10,-3],"to":[14,22,-2],"faces":{"north":{"uv":[3.75,0.25,6.75,3.25],"texture":"#0"},"south":{"uv":[3.75,0.25,6.75,3.25],"texture":"#0"}}},{"name":"Cube","from":[1,22,-3],"to":[15,23,2],"faces":{"north":{"uv":[0,3.5,3.5,3.75],"texture":"#0"},"east":{"uv":[3.5,3.5,3.75,4.75],"rotation":90,"texture":"#0"},"south":{"uv":[0,3.5,3.5,3.75],"texture":"#0"},"west":{"uv":[3.5,3.5,3.75,4.75],"rotation":90,"texture":"#0"},"up":{"uv":[3.5,3.5,7,4.75],"texture":"#0"},"down":{"uv":[0,3.5,3.5,4.5],"texture":"#0"}}},{"name":"Cube","from":[1,0,2],"to":[2,10,14],"faces":{"east":{"uv":[0.25,8.25,3.25,10.75],"texture":"#0"},"west":{"uv":[0.25,8.25,3.25,10.75],"texture":"#0"},"up":{"uv":[3,8.25,0,8.5],"rotation":90,"texture":"#0"},"down":{"uv":[3,8.25,0,8.5],"rotation":90,"texture":"#0"}}},{"name":"Cube","from":[14,0,2],"to":[15,10,14],"faces":{"east":{"uv":[0.25,8.25,3.25,10.75],"texture":"#0"},"west":{"uv":[0.25,8.25,3.25,10.75],"texture":"#0"},"up":{"uv":[3,8.25,0,8.5],"texture":"#0"},"down":{"uv":[3,8.25,0,8.5],"texture":"#0"}}},{"name":"Cube","from":[1,10,-3],"to":[2,22,2],"faces":{"north":{"uv":[3.5,0,6.5,0.25],"rotation":90,"texture":"#0"},"east":{"uv":[0.25,3.5,3.25,4.75],"rotation":90,"texture":"#0"},"south":{"uv":[3.5,0,6.5,0.25],"rotation":90,"texture":"#0"},"west":{"uv":[0.25,3.5,3.25,4.75],"rotation":90,"texture":"#0"}}},{"name":"Cube","from":[14,10,-3],"to":[15,22,2],"faces":{"north":{"uv":[3.5,0,6.5,0.25],"rotation":90,"texture":"#0"},"east":{"uv":[0.25,3.5,3.25,4.75],"rotation":90,"texture":"#0"},"south":{"uv":[3.5,0,6.5,0.25],"rotation":90,"texture":"#0"},"west":{"uv":[0.25,3.5,3.25,4.75],"rotation":90,"texture":"#0"}}},{"name":"Cube","from":[7,23,0],"to":[9,24,4],"faces":{"north":{"uv":[0.25,0,0.75,0.25],"texture":"#0"},"east":{"uv":[0,0.25,0.25,1.25],"rotation":90,"texture":"#0"},"south":{"uv":[0.25,0,0.75,0.25],"texture":"#0"},"west":{"uv":[0.25,0,0.5,1],"rotation":270,"texture":"#0"},"up":{"uv":[0.25,0.25,0.75,1.25],"texture":"#0"},"down":{"uv":[0.75,0.25,0.25,1.25],"rotation":180,"texture":"#0"}}}],"display":{"thirdperson_righthand":{"rotation":[45,-155,0],"translation":[0.75,2.25,-1.75],"scale":[0.3,0.3,0.3]},"thirdperson_lefthand":{"scale":[0.5,0.5,0.5]},"firstperson_righthand":{"rotation":[0,-161,0],"scale":[0.5,0.5,0.5]},"firstperson_lefthand":{"scale":[0.5,0.5,0.5]},"ground":{"translation":[0,1,0],"scale":[0.25,0.25,0.25]},"gui":{"rotation":[45,-45,0],"translation":[-0.5,-1.75,0],"scale":[0.47,0.47,0.47]},"head":{"translation":[0,-30.5,0],"scale":[1.6,1.6,1.6]},"fixed":{"rotation":[0,180,0],"translation":[0,-2,-5.75],"scale":[0.5,0.5,0.5]}}}