{"credit":"MadewithBlockbench","textures":{"1":"block/cartography_table_side3","2":"block/black_concrete"},"elements":[{"name":"Cube","from":[12,0,4],"to":[13,9,5],"rotation":{"angle":0,"axis":"y","origin":[18,8,8]},"faces":{"north":{"uv":[0,0,1,16],"texture":"#2"},"east":{"uv":[0,0,1,16],"texture":"#2"},"south":{"uv":[0,0,1,16],"texture":"#2"},"west":{"uv":[0,0,1,16],"texture":"#2"},"up":{"uv":[0,0,1,16],"texture":"#2"},"down":{"uv":[0,0,1,16],"texture":"#2"}}},{"name":"Cube","from":[12,0,11],"to":[13,9,12],"rotation":{"angle":0,"axis":"y","origin":[18,8,8]},"faces":{"north":{"uv":[0,0,1,16],"texture":"#2"},"east":{"uv":[0,0,1,16],"texture":"#2"},"south":{"uv":[0,0,1,16],"texture":"#2"},"west":{"uv":[0,0,1,16],"texture":"#2"},"up":{"uv":[0,0,1,16],"texture":"#2"},"down":{"uv":[0,0,1,16],"texture":"#2"}}},{"name":"Cube","from":[21,0,11],"to":[22,9,12],"rotation":{"angle":0,"axis":"y","origin":[18,8,8]},"faces":{"north":{"uv":[0,0,1,16],"texture":"#2"},"east":{"uv":[0,0,1,16],"texture":"#2"},"south":{"uv":[0,0,1,16],"texture":"#2"},"west":{"uv":[0,0,1,16],"texture":"#2"},"up":{"uv":[0,0,1,16],"texture":"#2"},"down":{"uv":[0,0,1,16],"texture":"#2"}}},{"name":"Cube","from":[21,0,4],"to":[22,9,5],"rotation":{"angle":0,"axis":"y","origin":[18,8,8]},"faces":{"north":{"uv":[0,0,1,16],"texture":"#2"},"east":{"uv":[0,0,1,16],"texture":"#2"},"south":{"uv":[0,0,1,16],"texture":"#2"},"west":{"uv":[0,0,1,16],"texture":"#2"},"up":{"uv":[0,0,1,16],"texture":"#2"},"down":{"uv":[0,0,1,16],"texture":"#2"}}},{"name":"Cube","from":[12,9,3],"to":[22,10,13],"rotation":{"angle":0,"axis":"y","origin":[18,8,8]},"faces":{"north":{"uv":[1,0,4,16],"rotation":90,"texture":"#1"},"east":{"uv":[0,0,2,16],"rotation":90,"texture":"#1"},"south":{"uv":[1,0,4,16],"rotation":90,"texture":"#1"},"west":{"uv":[1,0,3,16],"rotation":90,"texture":"#1"},"up":{"uv":[0,1,16,15],"texture":"#1"},"down":{"uv":[0,0,16,16],"texture":"#1"}}},{"name":"Cube","from":[20.9,16.8,3.1],"to":[21.9,21.2,12.9],"rotation":{"angle":0,"axis":"z","origin":[22,14.3,8]},"faces":{"north":{"uv":[0,0,16,2],"rotation":90,"texture":"#1"},"east":{"uv":[0,0,16,16],"texture":"#1"},"south":{"uv":[0,0,16,2],"rotation":90,"texture":"#1"},"west":{"uv":[0,0,16,16],"texture":"#1"},"up":{"uv":[0,1,16,4],"rotation":90,"texture":"#1"},"down":{"uv":[0,1,16,4],"rotation":90,"texture":"#1"}}},{"name":"Cube","from":[20.9,10,3.1],"to":[21.9,16.8,3.9],"rotation":{"angle":0,"axis":"z","origin":[22,14.3,8]},"faces":{"north":{"uv":[1,0,3,16],"texture":"#1"},"east":{"uv":[1,0,3,16],"texture":"#1"},"south":{"uv":[1,0,3,16],"texture":"#1"},"west":{"uv":[1,0,3,16],"texture":"#1"},"up":{"uv":[1,0,3,16],"texture":"#1"},"down":{"uv":[1,0,3,16],"texture":"#1"}}},{"name":"Cube","from":[20.9,10,12.1],"to":[21.9,16.8,12.9],"rotation":{"angle":0,"axis":"z","origin":[22,14.3,8]},"faces":{"north":{"uv":[1,0,3,16],"texture":"#1"},"east":{"uv":[1,0,3,16],"texture":"#1"},"south":{"uv":[1,0,3,16],"texture":"#1"},"west":{"uv":[1,0,3,16],"texture":"#1"},"up":{"uv":[1,0,3,16],"texture":"#1"},"down":{"uv":[1,0,3,16],"texture":"#1"}}},{"from":[-13.06716,12.6,-8.42122],"to":[6.93284,16,23.57878],"rotation":{"angle":0,"axis":"y","origin":[1.53284,8.1,7.87878]},"faces":{"north":{"uv":[0,0,3,16],"rotation":90,"texture":"#1"},"east":{"uv":[0,0,3,16],"rotation":90,"texture":"#1"},"south":{"uv":[0,0,3,16],"rotation":90,"texture":"#1"},"west":{"uv":[0,0,3,16],"rotation":90,"texture":"#1"},"up":{"uv":[0,0,16,16],"texture":"#1"},"down":{"uv":[0,0,16,16],"texture":"#1"}}},{"from":[4.93284,0,-7.42122],"to":[5.93284,13,-6.42122],"rotation":{"angle":0,"axis":"y","origin":[1.53284,8.1,7.87878]},"faces":{"north":{"uv":[0,0,1,16],"texture":"#2"},"east":{"uv":[0,0,1,16],"texture":"#2"},"south":{"uv":[0,0,1,16],"texture":"#2"},"west":{"uv":[0,0,1,16],"texture":"#2"},"up":{"uv":[0,0,1,16],"texture":"#2"},"down":{"uv":[0,0,1,16],"texture":"#2"}}},{"from":[4.93284,0,21.57878],"to":[5.93284,13,22.57878],"rotation":{"angle":0,"axis":"y","origin":[1.53284,8.1,7.87878]},"faces":{"north":{"uv":[0,0,1,16],"texture":"#2"},"east":{"uv":[0,0,1,16],"texture":"#2"},"south":{"uv":[0,0,1,16],"texture":"#2"},"west":{"uv":[0,0,1,16],"texture":"#2"},"up":{"uv":[0,0,1,16],"texture":"#2"},"down":{"uv":[0,0,1,16],"texture":"#2"}}},{"from":[-12.06716,0,21.57878],"to":[-11.06716,13,22.57878],"rotation":{"angle":0,"axis":"y","origin":[1.53284,8.1,7.87878]},"faces":{"north":{"uv":[0,0,1,16],"texture":"#2"},"east":{"uv":[0,0,1,16],"texture":"#2"},"south":{"uv":[0,0,1,16],"texture":"#2"},"west":{"uv":[0,0,1,16],"texture":"#2"},"up":{"uv":[0,0,1,16],"texture":"#2"},"down":{"uv":[0,0,1,16],"texture":"#2"}}},{"from":[-12.06716,0,-7.42122],"to":[-11.06716,13,-6.42122],"rotation":{"angle":0,"axis":"y","origin":[1.53284,8.1,7.87878]},"faces":{"north":{"uv":[0,0,1,16],"texture":"#2"},"east":{"uv":[0,0,1,16],"texture":"#2"},"south":{"uv":[0,0,1,16],"texture":"#2"},"west":{"uv":[0,0,1,16],"texture":"#2"},"up":{"uv":[0,0,1,16],"texture":"#2"},"down":{"uv":[0,0,1,16],"texture":"#2"}}}],"display":{"thirdperson_righthand":{"rotation":[57,-58,0],"translation":[1,1.5,-1.75],"scale":[0.3,0.3,0.3]},"firstperson_righthand":{"translation":[0.5,1.5,1.75],"scale":[0.5,0.5,0.5]},"ground":{"translation":[0,3,0],"scale":[0.2,0.2,0.2]},"gui":{"rotation":[20,45,0],"translation":[2.75,-1.25,0],"scale":[0.4,0.4,0.4]},"head":{"rotation":[0,90,0],"translation":[0,-15,20],"scale":[2.2,2.2,2.2]},"fixed":{"rotation":[0,90,-90],"translation":[0,-1.5,-1.75],"scale":[0.3,0.3,0.3]}}}