{"credit":"MadewithBlockbench","textures":{"0":"block/white_concrete","1":"block/yellow_wool","particle":"block/white_concrete"},"elements":[{"from":[10,0,3],"to":[13,10,6],"faces":{"north":{"uv":[0,0,2,10],"texture":"#0"},"east":{"uv":[0,0,2,10],"texture":"#0"},"south":{"uv":[0,0,2,10],"texture":"#0"},"west":{"uv":[0,0,2,10],"texture":"#0"},"up":{"uv":[0,0,2,10],"texture":"#0"},"down":{"uv":[0,0,2,10],"texture":"#0"}}},{"from":[10,0,10],"to":[13,10,13],"faces":{"north":{"uv":[0,0,2,10],"texture":"#0"},"east":{"uv":[0,0,2,10],"texture":"#0"},"south":{"uv":[0,0,2,10],"texture":"#0"},"west":{"uv":[0,0,2,10],"texture":"#0"},"up":{"uv":[0,0,2,10],"texture":"#0"},"down":{"uv":[0,0,2,10],"texture":"#0"}}},{"from":[3,0,10],"to":[6,10,13],"faces":{"north":{"uv":[0,0,2,10],"texture":"#0"},"east":{"uv":[0,0,2,10],"texture":"#0"},"south":{"uv":[0,0,2,10],"texture":"#0"},"west":{"uv":[0,0,2,10],"texture":"#0"},"up":{"uv":[0,0,2,10],"texture":"#0"},"down":{"uv":[0,0,2,10],"texture":"#0"}}},{"from":[3,0,3],"to":[6,10,6],"faces":{"north":{"uv":[0,0,2,10],"texture":"#0"},"east":{"uv":[0,0,2,10],"texture":"#0"},"south":{"uv":[0,0,2,10],"texture":"#0"},"west":{"uv":[0,0,2,10],"texture":"#0"},"up":{"uv":[0,0,2,10],"texture":"#0"},"down":{"uv":[0,0,2,10],"texture":"#0"}}},{"from":[2,10,2],"to":[14,14,14],"faces":{"north":{"uv":[0,0,16,6],"texture":"#1"},"east":{"uv":[0,0,16,6],"texture":"#1"},"south":{"uv":[0,0,16,6],"texture":"#1"},"west":{"uv":[0,0,16,6],"texture":"#1"},"up":{"uv":[0,0,16,16],"texture":"#1"},"down":{"uv":[0,0,16,16],"texture":"#1"}}},{"from":[6,5,4],"to":[10,7,5],"faces":{"north":{"uv":[0,0,2,10],"texture":"#0"},"east":{"uv":[0,0,2,10],"texture":"#0"},"south":{"uv":[0,0,2,10],"texture":"#0"},"west":{"uv":[0,0,2,10],"texture":"#0"},"up":{"uv":[0,0,2,10],"texture":"#0"},"down":{"uv":[0,0,2,10],"texture":"#0"}}},{"from":[6,5,11],"to":[10,7,12],"faces":{"north":{"uv":[0,0,2,10],"texture":"#0"},"east":{"uv":[0,0,2,10],"texture":"#0"},"south":{"uv":[0,0,2,10],"texture":"#0"},"west":{"uv":[0,0,2,10],"texture":"#0"},"up":{"uv":[0,0,2,10],"texture":"#0"},"down":{"uv":[0,0,2,10],"texture":"#0"}}},{"from":[11.1,5,6],"to":[12.1,7,10],"faces":{"north":{"uv":[0,0,2,10],"texture":"#0"},"east":{"uv":[0,0,2,10],"texture":"#0"},"south":{"uv":[0,0,2,10],"texture":"#0"},"west":{"uv":[0,0,2,10],"texture":"#0"},"up":{"uv":[0,0,2,10],"rotation":90,"texture":"#0"},"down":{"uv":[0,0,2,10],"rotation":270,"texture":"#0"}}},{"from":[4.1,5,6],"to":[5.1,7,10],"faces":{"north":{"uv":[0,0,2,10],"texture":"#0"},"east":{"uv":[0,0,2,10],"texture":"#0"},"south":{"uv":[0,0,2,10],"texture":"#0"},"west":{"uv":[0,0,2,10],"texture":"#0"},"up":{"uv":[0,0,2,10],"rotation":90,"texture":"#0"},"down":{"uv":[0,0,2,10],"rotation":270,"texture":"#0"}}}],"display":{"thirdperson_righthand":{"rotation":[70,45,0],"translation":[0,1.75,0.25],"scale":[0.25,0.25,0.25]},"ground":{"translation":[0,3.5,0],"scale":[0.25,0.25,0.25]},"gui":{"rotation":[25,45,0],"translation":[0,0.5,0],"scale":[0.8,0.8,0.8]},"head":{"translation":[0,-15,0],"scale":[2.3,2.3,2.3]}}}