{"credit":"MadewithBlockbench","textures":{"2":"furnituresplusfree:furnituresplus/acaciaplanksframed","3":"furnituresplusfree:furnituresplus/acaciagrayfabric","4":"furnituresplusfree:furnituresplus/acacia_log_top","particle":"furnituresplusfree:furnituresplus/light_gray_wool"},"elements":[{"from":[0,0,0],"to":[2,8,2],"faces":{"north":{"uv":[2,0,4,8],"texture":"#2"},"east":{"uv":[2,0,4,8],"texture":"#2"},"south":{"uv":[2,0,4,8],"texture":"#2"},"west":{"uv":[2,0,4,8],"texture":"#2"},"up":{"uv":[0,0,2,2],"texture":"#2"},"down":{"uv":[0,0,2,2],"texture":"#2"}}},{"from":[0,0,14],"to":[2,8,16],"faces":{"north":{"uv":[2,0,4,8],"texture":"#2"},"east":{"uv":[2,0,4,8],"texture":"#2"},"south":{"uv":[2,0,4,8],"texture":"#2"},"west":{"uv":[2,0,4,8],"texture":"#2"},"up":{"uv":[0,0,2,2],"texture":"#2"},"down":{"uv":[0,0,2,2],"texture":"#2"}}},{"from":[14,0,14],"to":[16,8,16],"faces":{"north":{"uv":[2,0,4,8],"texture":"#2"},"east":{"uv":[2,0,4,8],"texture":"#2"},"south":{"uv":[2,0,4,8],"texture":"#2"},"west":{"uv":[2,0,4,8],"texture":"#2"},"up":{"uv":[0,0,2,2],"texture":"#2"},"down":{"uv":[0,0,2,2],"texture":"#2"}}},{"from":[14,0,0],"to":[16,8,2],"faces":{"north":{"uv":[2,0,4,8],"texture":"#2"},"east":{"uv":[2,0,4,8],"texture":"#2"},"south":{"uv":[2,0,4,8],"texture":"#2"},"west":{"uv":[2,0,4,8],"texture":"#2"},"up":{"uv":[0,0,2,2],"texture":"#2"},"down":{"uv":[0,0,2,2],"texture":"#2"}}},{"from":[2,0,2],"to":[14,1,14],"faces":{"north":{"uv":[0,0,12,1],"texture":"#2"},"east":{"uv":[0,0,12,1],"texture":"#2"},"south":{"uv":[0,0,12,1],"texture":"#2"},"west":{"uv":[0,0,12,1],"texture":"#2"},"up":{"uv":[0,0,16,16],"texture":"#2"},"down":{"uv":[0,0,12,12],"texture":"#2"}}},{"from":[-1,8,-1],"to":[17,9,17],"faces":{"north":{"uv":[0,0,16,1],"texture":"#4"},"east":{"uv":[0,0,16,1],"texture":"#4"},"south":{"uv":[0,0,16,1],"texture":"#4"},"west":{"uv":[0,0,16,1],"texture":"#4"},"up":{"uv":[0,0,16,16],"texture":"#4"},"down":{"uv":[0,0,16,16],"texture":"#4"}}},{"from":[-1,9,4],"to":[17,9.3,12],"faces":{"north":{"uv":[0,0,16,0.3],"texture":"#3"},"east":{"uv":[0,0,8,0.3],"texture":"#3"},"south":{"uv":[0,0,16,0.3],"texture":"#3"},"west":{"uv":[0,0,8,0.3],"texture":"#3"},"up":{"uv":[0,0,16,8],"texture":"#3"},"down":{"uv":[0,0,16,8],"texture":"#3"}}},{"from":[-1.3,6.4,4],"to":[-1,9.3,12],"faces":{"north":{"uv":[0,0,0.3,2.9],"texture":"#3"},"east":{"uv":[0,0,8,2.9],"texture":"#3"},"south":{"uv":[0,0,0.3,2.9],"texture":"#3"},"west":{"uv":[0,0,8,2.9],"texture":"#3"},"up":{"uv":[0,0,0.3,8],"texture":"#3"},"down":{"uv":[0,0,0.3,8],"texture":"#3"}}},{"from":[17,6.4,4],"to":[17.3,9.3,12],"faces":{"north":{"uv":[0,0,0.3,2.9],"texture":"#3"},"east":{"uv":[0,0,8,2.9],"texture":"#3"},"south":{"uv":[0,0,0.3,2.9],"texture":"#3"},"west":{"uv":[0,0,8,2.9],"texture":"#3"},"up":{"uv":[0,0,0.3,8],"texture":"#3"},"down":{"uv":[0,0,0.3,8],"texture":"#3"}}}],"display":{"thirdperson_righthand":{"rotation":[75,45,0],"translation":[0,2.5,0],"scale":[0.375,0.375,0.375]},"thirdperson_lefthand":{"rotation":[75,45,0],"translation":[0,2.5,0],"scale":[0.375,0.375,0.375]},"firstperson_righthand":{"rotation":[0,45,0],"scale":[0.4,0.4,0.4]},"firstperson_lefthand":{"rotation":[0,45,0],"scale":[0.4,0.4,0.4]},"ground":{"translation":[0,2,0],"scale":[0.5,0.5,0.5]},"gui":{"rotation":[30,45,0],"translation":[0,-0.6,0],"scale":[0.5,0.5,0.5]},"head":{"translation":[0,-30.4,0],"scale":[1.6,1.6,1.6]},"fixed":{"rotation":[-90,180,0],"translation":[0,0,-14],"scale":[2.01,2.01,2.01]}}}