{"credit":"MadewithBlockbench","textures":{"2":"furnituresplusfree:furnituresplus/cyansummer"},"elements":[{"from":[2,7,0],"to":[14,8,16],"rotation":{"angle":0,"axis":"y","origin":[16,0,0]},"faces":{"north":{"uv":[16,2,8,3],"texture":"#2"},"east":{"uv":[16,2,8,3],"texture":"#2"},"south":{"uv":[16,2,8,3],"texture":"#2"},"west":{"uv":[16,2,8,3],"texture":"#2"},"up":{"uv":[16,8,8,16],"texture":"#2"},"down":{"uv":[16,8,8,16],"texture":"#2"}}},{"from":[3.5,8,2],"to":[12.3,8.2,14],"rotation":{"angle":0,"axis":"y","origin":[16,0,0]},"faces":{"north":{"uv":[16,2,8,3],"texture":"#2"},"east":{"uv":[16,2,8,3],"texture":"#2"},"south":{"uv":[16,2,8,3],"texture":"#2"},"west":{"uv":[16,2,8,3],"texture":"#2"},"up":{"uv":[8,0,0,8],"texture":"#2"},"down":{"uv":[16,8,8,16],"texture":"#2"}}},{"from":[1,6,-2],"to":[2,8.9,18],"rotation":{"angle":0,"axis":"y","origin":[16,0,0]},"faces":{"north":{"uv":[16,0,15.5,2],"texture":"#2"},"east":{"uv":[16,0,8,2],"texture":"#2"},"south":{"uv":[16,0,15.5,2],"texture":"#2"},"west":{"uv":[16,0,8.5,2],"texture":"#2"},"up":{"uv":[8,1.5,16,0.5],"rotation":270,"texture":"#2"},"down":{"uv":[8,1.5,16,0.5],"rotation":270,"texture":"#2"}}},{"from":[14,6,-2],"to":[15,8.9,18],"rotation":{"angle":0,"axis":"y","origin":[16,0,0]},"faces":{"north":{"uv":[16,0,15.5,2],"texture":"#2"},"east":{"uv":[16,0,8,2],"texture":"#2"},"south":{"uv":[16,0,15.5,2],"texture":"#2"},"west":{"uv":[16,0,8.5,2],"texture":"#2"},"up":{"uv":[8,1.5,16,0.5],"rotation":270,"texture":"#2"},"down":{"uv":[8,1.5,16,0.5],"rotation":270,"texture":"#2"}}},{"from":[12.7,-0.5,0],"to":[13.7,1.4,15],"rotation":{"angle":22.5,"axis":"x","origin":[15.7,0,16]},"faces":{"north":{"uv":[15.5,0,16,2],"texture":"#2"},"east":{"uv":[8,2,16,3.5],"texture":"#2"},"south":{"uv":[15.5,0,16,2],"texture":"#2"},"west":{"uv":[8.5,2,16,3.5],"texture":"#2"},"up":{"uv":[16,3.5,8,2.5],"rotation":270,"texture":"#2"},"down":{"uv":[16,3.5,8,2.5],"rotation":270,"texture":"#2"}}},{"from":[2.3,-0.5,0],"to":[3.3,1.4,15],"rotation":{"angle":22.5,"axis":"x","origin":[0.3,0,16]},"faces":{"north":{"uv":[16,0,15.5,2],"texture":"#2"},"east":{"uv":[16,2,8.5,3.5],"texture":"#2"},"south":{"uv":[16,0,15.5,2],"texture":"#2"},"west":{"uv":[16,2,8,3.5],"texture":"#2"},"up":{"uv":[16,2.5,8,3.5],"rotation":270,"texture":"#2"},"down":{"uv":[16,2.5,8,3.5],"rotation":270,"texture":"#2"}}},{"from":[2,-0.5,1],"to":[3,1.4,16],"rotation":{"angle":-22.5,"axis":"x","origin":[0.3,0,0]},"faces":{"north":{"uv":[15.5,0,16,2],"texture":"#2"},"east":{"uv":[8.5,2,16,3.5],"texture":"#2"},"south":{"uv":[15.5,0,16,2],"texture":"#2"},"west":{"uv":[8,2,16,3.5],"texture":"#2"},"up":{"uv":[8,2.5,16,3.5],"rotation":270,"texture":"#2"},"down":{"uv":[8,2.5,16,3.5],"rotation":270,"texture":"#2"}}},{"from":[12.4,-0.5,1],"to":[13.4,1.4,16],"rotation":{"angle":-22.5,"axis":"x","origin":[15.7,0,0]},"faces":{"north":{"uv":[16,0,15.5,2],"texture":"#2"},"east":{"uv":[16,2,8,3.5],"texture":"#2"},"south":{"uv":[16,0,15.5,2],"texture":"#2"},"west":{"uv":[16,2,8.5,3.5],"texture":"#2"},"up":{"uv":[8,3.5,16,2.5],"rotation":270,"texture":"#2"},"down":{"uv":[8,3.5,16,2.5],"rotation":270,"texture":"#2"}}},{"from":[0,6,16],"to":[16,9,17],"rotation":{"angle":0,"axis":"y","origin":[16,0,0]},"faces":{"north":{"uv":[16,0,8.5,2],"texture":"#2"},"east":{"uv":[16,0,15.5,2],"texture":"#2"},"south":{"uv":[16,0,8,2],"texture":"#2"},"west":{"uv":[16,0,15.5,2],"texture":"#2"},"up":{"uv":[8,1.5,16,0.5],"texture":"#2"},"down":{"uv":[8,1.5,16,0.5],"rotation":180,"texture":"#2"}}},{"from":[0,6,-1],"to":[16,9,0],"rotation":{"angle":0,"axis":"y","origin":[16,0,0]},"faces":{"north":{"uv":[16,0,8.5,2],"texture":"#2"},"east":{"uv":[16,0,15.5,2],"texture":"#2"},"south":{"uv":[16,0,8,2],"texture":"#2"},"west":{"uv":[16,0,15.5,2],"texture":"#2"},"up":{"uv":[8,1.5,16,0.5],"texture":"#2"},"down":{"uv":[8,1.5,16,0.5],"rotation":180,"texture":"#2"}}}],"display":{"thirdperson_righthand":{"rotation":[75,45,0],"translation":[0,2.5,0],"scale":[0.375,0.375,0.375]},"thirdperson_lefthand":{"rotation":[75,45,0],"translation":[0,2.5,0],"scale":[0.375,0.375,0.375]},"firstperson_righthand":{"rotation":[0,45,0],"scale":[0.4,0.4,0.4]},"firstperson_lefthand":{"rotation":[0,45,0],"scale":[0.4,0.4,0.4]},"ground":{"translation":[0,2,0],"scale":[0.5,0.5,0.5]},"gui":{"rotation":[30,45,0],"translation":[0,-0.6,0],"scale":[0.5,0.5,0.5]},"head":{"translation":[0,-30.4,0],"scale":[1.6,1.6,1.6]},"fixed":{"rotation":[-90,180,0],"translation":[0,0,-14],"scale":[2.01,2.01,2.01]}}}