{"credit":"Made with Blockbench","textures":{"2":"gardenplus:plantes/bamboo_small_leaves","3":"gardenplus:plantes/spruce_planks","4":"gardenplus:plantes/dirt","5":"gardenplus:plantes/bamboo_stalk","6":"gardenplus:plantes/chain","particle":"gardenplus:plantes/bamboo_small_leaves"},"elements":[{"from":[4.7,7.4,8.8],"to":[14,15.4,8.8],"shade":false,"rotation":{"angle":-45,"axis":"y","origin":[8.4,15.4,8.8]},"faces":{"north":{"uv":[0,0,16,16],"texture":"#2"},"east":{"uv":[0,0,0,0],"texture":"#missing"},"south":{"uv":[0,0,16,16],"texture":"#2"},"west":{"uv":[0,0,0,0],"texture":"#missing"},"up":{"uv":[0,0,0,0],"texture":"#missing"},"down":{"uv":[0,0,0,0],"texture":"#missing"}}},{"from":[3.1,6.4,8.8],"to":[11.2,15.4,8.8],"shade":false,"rotation":{"angle":22.5,"axis":"y","origin":[8.4,9.4,8.8]},"faces":{"north":{"uv":[0,0,16,16],"texture":"#2"},"east":{"uv":[0,0,0,0],"texture":"#missing"},"south":{"uv":[0,0,16,16],"texture":"#2"},"west":{"uv":[0,0,0,0],"texture":"#missing"},"up":{"uv":[0,0,0,0],"texture":"#missing"},"down":{"uv":[0,0,0,0],"texture":"#missing"}}},{"from":[8.4,6.4,2.5],"to":[8.4,14.4,12.3],"shade":false,"rotation":{"angle":-22.5,"axis":"y","origin":[8.4,9.4,8.8]},"faces":{"north":{"uv":[0,0,0,0],"texture":"#missing"},"east":{"uv":[0,0,16,16],"texture":"#2"},"south":{"uv":[0,0,0,0],"texture":"#missing"},"west":{"uv":[0,0,16,16],"texture":"#2"},"up":{"uv":[0,0,0,0],"rotation":270,"texture":"#missing"},"down":{"uv":[0,0,0,0],"rotation":90,"texture":"#missing"}}},{"from":[8.1,5,8.5],"to":[8.25,9.8,8.8],"shade":false,"rotation":{"angle":-22.5,"axis":"y","origin":[8.4,15.4,8.8]},"faces":{"north":{"uv":[0,0,3,16],"texture":"#5"},"east":{"uv":[0,0,3,16],"texture":"#5"},"south":{"uv":[0,0,3,16],"texture":"#5"},"west":{"uv":[0,0,3,16],"texture":"#5"},"up":{"uv":[0,0,0,0],"rotation":270,"texture":"#5"},"down":{"uv":[0,0,0,0],"rotation":90,"texture":"#5"}}},{"from":[6,0.99,5],"to":[11,6.99,6],"shade":false,"rotation":{"angle":0,"axis":"y","origin":[0,5,0]},"faces":{"north":{"uv":[0,0,16,16],"texture":"#3"},"east":{"uv":[0,0,2,16],"texture":"#3"},"south":{"uv":[0,0,16,8],"texture":"#3"},"west":{"uv":[0,0,2,8],"texture":"#3"},"up":{"uv":[16,2,0,0],"texture":"#3"},"down":{"uv":[16,0,0,2],"texture":"#3"}}},{"from":[5,0.99,6],"to":[6,6.99,11],"shade":false,"rotation":{"angle":0,"axis":"y","origin":[0,5,0]},"faces":{"north":{"uv":[0,0,2,16],"texture":"#3"},"east":{"uv":[0,0,16,16],"texture":"#3"},"south":{"uv":[0,0,2,16],"texture":"#3"},"west":{"uv":[0,0,16,16],"texture":"#3"},"up":{"uv":[2,16,0,0],"texture":"#3"},"down":{"uv":[2,0,0,15],"texture":"#3"}}},{"from":[11,0.99,6],"to":[12,6.99,11],"shade":false,"rotation":{"angle":0,"axis":"y","origin":[0,5,0]},"faces":{"north":{"uv":[0,0,2,8],"texture":"#3"},"east":{"uv":[0,0,16,16],"texture":"#3"},"south":{"uv":[0,0,2,8],"texture":"#3"},"west":{"uv":[0,0,16,16],"texture":"#3"},"up":{"uv":[2,16,0,0],"texture":"#3"},"down":{"uv":[2,0,0,16],"texture":"#3"}}},{"from":[1.1,25.39,7.8],"to":[2.1,31.99,8.5],"shade":false,"rotation":{"angle":-22.5,"axis":"z","origin":[0,14,0]},"faces":{"north":{"uv":[0,0,6,16],"texture":"#6"},"east":{"uv":[0,0,6,16],"texture":"#6"},"south":{"uv":[0,0,6,16],"texture":"#6"},"west":{"uv":[0,0,6,16],"texture":"#6"},"up":{"uv":[6,16,0,0],"texture":"#6"},"down":{"uv":[6,0,0,16],"texture":"#6"}}},{"from":[5,6.99,7.8],"to":[6,24.29,8.5],"shade":false,"rotation":{"angle":0,"axis":"z","origin":[0,12,0]},"faces":{"north":{"uv":[0,0,2,8],"texture":"#3"},"east":{"uv":[0,0,16,16],"texture":"#3"},"south":{"uv":[0,0,2,8],"texture":"#3"},"west":{"uv":[0,0,3,14],"texture":"#3"},"up":{"uv":[2,16,0,0],"texture":"#3"},"down":{"uv":[2,0,0,16],"texture":"#3"}}},{"from":[11,6.99,7.8],"to":[12,24.29,8.5],"shade":false,"rotation":{"angle":0,"axis":"z","origin":[0,12,0]},"faces":{"north":{"uv":[0,0,2,8],"texture":"#3"},"east":{"uv":[0,0,16,16],"texture":"#3"},"south":{"uv":[0,0,2,8],"texture":"#3"},"west":{"uv":[0,0,2,16],"texture":"#3"},"up":{"uv":[2,16,0,0],"texture":"#3"},"down":{"uv":[2,0,0,16],"texture":"#3"}}},{"from":[14,18.99,7.8],"to":[15,25.59,8.5],"shade":false,"rotation":{"angle":22.5,"axis":"z","origin":[0,14,0]},"faces":{"north":{"uv":[0,0,6,16],"texture":"#6"},"east":{"uv":[0,0,6,16],"texture":"#6"},"south":{"uv":[0,0,6,16],"texture":"#6"},"west":{"uv":[0,0,6,16],"texture":"#6"},"up":{"uv":[6,16,0,0],"texture":"#6"},"down":{"uv":[6,0,0,16],"texture":"#6"}}},{"from":[6,-0.01,6],"to":[11,0.99,11],"shade":false,"rotation":{"angle":0,"axis":"y","origin":[0,5,0]},"faces":{"north":{"uv":[0,0,16,2],"texture":"#3"},"east":{"uv":[0,0,16,2],"texture":"#3"},"south":{"uv":[0,0,16,2],"texture":"#3"},"west":{"uv":[0,0,16,2],"texture":"#3"},"up":{"uv":[8,8,0,0],"texture":"#3"},"down":{"uv":[16,0,0,16],"texture":"#3"}}},{"from":[6,0.99,6],"to":[11,5.69,11],"shade":false,"rotation":{"angle":0,"axis":"y","origin":[0,5,0]},"faces":{"north":{"uv":[0,0,0,0],"texture":"#4"},"east":{"uv":[0,0,0,0],"texture":"#4"},"south":{"uv":[0,0,0,0],"texture":"#4"},"west":{"uv":[0,0,0,0],"texture":"#4"},"up":{"uv":[16,16,0,0],"texture":"#4"},"down":{"uv":[8,0,0,8],"texture":"#4"}}},{"from":[6,0.99,11],"to":[11,6.99,12],"shade":false,"rotation":{"angle":0,"axis":"y","origin":[0,5,0]},"faces":{"north":{"uv":[0,0,16,8],"texture":"#3"},"east":{"uv":[0,0,2,16],"texture":"#3"},"south":{"uv":[0,0,16,16],"texture":"#3"},"west":{"uv":[0,0,2,8],"texture":"#3"},"up":{"uv":[16,2,0,0],"texture":"#3"},"down":{"uv":[16,0,0,2],"texture":"#3"}}}],"display":{"thirdperson_righthand":{"rotation":[75,45,0],"translation":[0,2.5,0],"scale":[0.375,0.375,0.375]},"thirdperson_lefthand":{"rotation":[75,45,0],"translation":[0,2.5,0],"scale":[0.375,0.375,0.375]},"firstperson_righthand":{"rotation":[0,45,0],"scale":[0.4,0.4,0.4]},"firstperson_lefthand":{"rotation":[0,45,0],"scale":[0.4,0.4,0.4]},"ground":{"translation":[0,2,0],"scale":[0.5,0.5,0.5]},"gui":{"rotation":[30,45,0],"translation":[0,-0.6,0],"scale":[0.5,0.5,0.5]},"head":{"translation":[0,-30.4,0],"scale":[1.6,1.6,1.6]},"fixed":{"rotation":[-90,180,0],"translation":[0,0,-14],"scale":[2.01,2.01,2.01]}}}