{"credit":"Made with Blockbench","textures":{"0":"flowers_for_days:flower_carpet_white","particle":"flowers_for_days:flower_carpet_white"},"elements":[{"from":[2,1.1,2],"to":[5,1.1,5],"faces":{"north":{"uv":[0,0,3,0],"texture":"#0"},"east":{"uv":[0,0,3,0],"texture":"#0"},"south":{"uv":[0,0,3,0],"texture":"#0"},"west":{"uv":[0,0,3,0],"texture":"#0"},"up":{"uv":[3,3,0,0],"texture":"#0"},"down":{"uv":[3,3,0,6],"texture":"#0"}}},{"from":[6,0,8.5],"to":[7,2,8.5],"rotation":{"angle":-45,"axis":"y","origin":[6.5,1,8.5]},"faces":{"north":{"uv":[9,6,10,8],"texture":"#0"},"east":{"uv":[0,0,0,2],"texture":"#0"},"south":{"uv":[9,8,10,10],"texture":"#0"},"west":{"uv":[0,0,0,2],"texture":"#0"},"up":{"uv":[1,0,0,0],"texture":"#0"},"down":{"uv":[1,0,0,0],"texture":"#0"}}},{"from":[6.5,0,8],"to":[6.5,2,9],"rotation":{"angle":-45,"axis":"y","origin":[6.5,1,8.5]},"faces":{"north":{"uv":[0,0,0,2],"texture":"#0"},"east":{"uv":[10,6,11,8],"texture":"#0"},"south":{"uv":[0,0,0,2],"texture":"#0"},"west":{"uv":[10,8,11,10],"texture":"#0"},"up":{"uv":[0,1,0,0],"texture":"#0"},"down":{"uv":[0,0,0,1],"texture":"#0"}}},{"from":[10,0,6.5],"to":[11,2,6.5],"rotation":{"angle":-45,"axis":"y","origin":[10.5,1,6.5]},"faces":{"north":{"uv":[9,6,10,8],"texture":"#0"},"east":{"uv":[0,0,0,2],"texture":"#0"},"south":{"uv":[9,8,10,10],"texture":"#0"},"west":{"uv":[0,0,0,2],"texture":"#0"},"up":{"uv":[1,0,0,0],"texture":"#0"},"down":{"uv":[1,0,0,0],"texture":"#0"}}},{"from":[10.5,0,6],"to":[10.5,2,7],"rotation":{"angle":-45,"axis":"y","origin":[10.5,1,6.5]},"faces":{"north":{"uv":[0,0,0,2],"texture":"#0"},"east":{"uv":[10,6,11,8],"texture":"#0"},"south":{"uv":[0,0,0,2],"texture":"#0"},"west":{"uv":[10,8,11,10],"texture":"#0"},"up":{"uv":[0,1,0,0],"texture":"#0"},"down":{"uv":[0,0,0,1],"texture":"#0"}}},{"from":[2.5,0,12],"to":[2.5,1,13],"rotation":{"angle":-45,"axis":"y","origin":[2.5,0.5,12.5]},"faces":{"north":{"uv":[0,0,0,2],"texture":"#0"},"east":{"uv":[10,6,11,8],"texture":"#0"},"south":{"uv":[0,0,0,2],"texture":"#0"},"west":{"uv":[10,8,11,10],"texture":"#0"},"up":{"uv":[0,1,0,0],"texture":"#0"},"down":{"uv":[0,0,0,1],"texture":"#0"}}},{"from":[2,0,12.5],"to":[3,1,12.5],"rotation":{"angle":-45,"axis":"y","origin":[2.5,0.5,12.5]},"faces":{"north":{"uv":[9,6,10,8],"texture":"#0"},"east":{"uv":[0,0,0,2],"texture":"#0"},"south":{"uv":[9,8,10,10],"texture":"#0"},"west":{"uv":[0,0,0,2],"texture":"#0"},"up":{"uv":[1,0,0,0],"texture":"#0"},"down":{"uv":[1,0,0,0],"texture":"#0"}}},{"from":[3.5,0,3],"to":[3.5,1,4],"rotation":{"angle":-45,"axis":"y","origin":[3.5,0.5,3.5]},"faces":{"north":{"uv":[0,0,0,2],"texture":"#0"},"east":{"uv":[10,6,11,8],"texture":"#0"},"south":{"uv":[0,0,0,2],"texture":"#0"},"west":{"uv":[10,8,11,10],"texture":"#0"},"up":{"uv":[0,1,0,0],"texture":"#0"},"down":{"uv":[0,0,0,1],"texture":"#0"}}},{"from":[3,0,3.5],"to":[4,1,3.5],"rotation":{"angle":-45,"axis":"y","origin":[3.5,0.5,3.5]},"faces":{"north":{"uv":[9,6,10,8],"texture":"#0"},"east":{"uv":[0,0,0,2],"texture":"#0"},"south":{"uv":[9,8,10,10],"texture":"#0"},"west":{"uv":[0,0,0,2],"texture":"#0"},"up":{"uv":[1,0,0,0],"texture":"#0"},"down":{"uv":[1,0,0,0],"texture":"#0"}}},{"from":[12.5,0,2],"to":[12.5,1,3],"rotation":{"angle":-45,"axis":"y","origin":[12.5,0.5,2.5]},"faces":{"north":{"uv":[0,0,0,2],"texture":"#0"},"east":{"uv":[10,6,11,8],"texture":"#0"},"south":{"uv":[0,0,0,2],"texture":"#0"},"west":{"uv":[10,8,11,10],"texture":"#0"},"up":{"uv":[0,1,0,0],"texture":"#0"},"down":{"uv":[0,0,0,1],"texture":"#0"}}},{"from":[12,0,2.5],"to":[13,1,2.5],"rotation":{"angle":-45,"axis":"y","origin":[12.5,0.5,2.5]},"faces":{"north":{"uv":[9,6,10,8],"texture":"#0"},"east":{"uv":[0,0,0,2],"texture":"#0"},"south":{"uv":[9,8,10,10],"texture":"#0"},"west":{"uv":[0,0,0,2],"texture":"#0"},"up":{"uv":[1,0,0,0],"texture":"#0"},"down":{"uv":[1,0,0,0],"texture":"#0"}}},{"from":[13.5,0,11],"to":[13.5,1,12],"rotation":{"angle":-45,"axis":"y","origin":[13.5,0.5,11.5]},"faces":{"north":{"uv":[0,0,0,2],"texture":"#0"},"east":{"uv":[10,6,11,8],"texture":"#0"},"south":{"uv":[0,0,0,2],"texture":"#0"},"west":{"uv":[10,8,11,10],"texture":"#0"},"up":{"uv":[0,1,0,0],"texture":"#0"},"down":{"uv":[0,0,0,1],"texture":"#0"}}},{"from":[13,0,11.5],"to":[14,1,11.5],"rotation":{"angle":-45,"axis":"y","origin":[13.5,0.5,11.5]},"faces":{"north":{"uv":[9,6,10,8],"texture":"#0"},"east":{"uv":[0,0,0,2],"texture":"#0"},"south":{"uv":[9,8,10,10],"texture":"#0"},"west":{"uv":[0,0,0,2],"texture":"#0"},"up":{"uv":[1,0,0,0],"texture":"#0"},"down":{"uv":[1,0,0,0],"texture":"#0"}}},{"from":[8.5,0,13],"to":[8.5,1,14],"rotation":{"angle":-45,"axis":"y","origin":[8.5,0.5,13.5]},"faces":{"north":{"uv":[0,0,0,2],"texture":"#0"},"east":{"uv":[10,6,11,8],"texture":"#0"},"south":{"uv":[0,0,0,2],"texture":"#0"},"west":{"uv":[10,8,11,10],"texture":"#0"},"up":{"uv":[0,1,0,0],"texture":"#0"},"down":{"uv":[0,0,0,1],"texture":"#0"}}},{"from":[8,0,13.5],"to":[9,1,13.5],"rotation":{"angle":-45,"axis":"y","origin":[8.5,0.5,13.5]},"faces":{"north":{"uv":[9,6,10,8],"texture":"#0"},"east":{"uv":[0,0,0,2],"texture":"#0"},"south":{"uv":[9,8,10,10],"texture":"#0"},"west":{"uv":[0,0,0,2],"texture":"#0"},"up":{"uv":[1,0,0,0],"texture":"#0"},"down":{"uv":[1,0,0,0],"texture":"#0"}}},{"from":[5,2.1,7],"to":[8,2.1,10],"faces":{"north":{"uv":[0,0,3,0],"texture":"#0"},"east":{"uv":[0,0,3,0],"texture":"#0"},"south":{"uv":[0,0,3,0],"texture":"#0"},"west":{"uv":[0,0,3,0],"texture":"#0"},"up":{"uv":[12,6,9,3],"texture":"#0"},"down":{"uv":[9,9,6,12],"texture":"#0"}}},{"from":[9,2.1,5],"to":[12,2.1,8],"faces":{"north":{"uv":[0,0,3,0],"texture":"#0"},"east":{"uv":[0,0,3,0],"texture":"#0"},"south":{"uv":[0,0,3,0],"texture":"#0"},"west":{"uv":[0,0,3,0],"texture":"#0"},"up":{"uv":[9,9,6,6],"texture":"#0"},"down":{"uv":[3,9,0,12],"texture":"#0"}}},{"from":[11,1.1,1],"to":[14,1.1,4],"faces":{"north":{"uv":[0,0,3,0],"texture":"#0"},"east":{"uv":[0,0,3,0],"texture":"#0"},"south":{"uv":[0,0,3,0],"texture":"#0"},"west":{"uv":[0,0,3,0],"texture":"#0"},"up":{"uv":[12,3,9,0],"texture":"#0"},"down":{"uv":[6,9,3,12],"texture":"#0"}}},{"from":[1,1.1,11],"to":[4,1.1,14],"faces":{"north":{"uv":[0,0,3,0],"texture":"#0"},"east":{"uv":[0,0,3,0],"texture":"#0"},"south":{"uv":[0,0,3,0],"texture":"#0"},"west":{"uv":[0,0,3,0],"texture":"#0"},"up":{"uv":[6,3,3,0],"texture":"#0"},"down":{"uv":[6,3,3,6],"texture":"#0"}}},{"from":[7,1.1,12],"to":[10,1.1,15],"faces":{"north":{"uv":[0,0,3,0],"texture":"#0"},"east":{"uv":[0,0,3,0],"texture":"#0"},"south":{"uv":[0,0,3,0],"texture":"#0"},"west":{"uv":[0,0,3,0],"texture":"#0"},"up":{"uv":[3,9,0,6],"texture":"#0"},"down":{"uv":[9,0,6,3],"texture":"#0"}}},{"from":[12,1.1,10],"to":[15,1.1,13],"faces":{"north":{"uv":[0,0,3,0],"texture":"#0"},"east":{"uv":[0,0,3,0],"texture":"#0"},"south":{"uv":[0,0,3,0],"texture":"#0"},"west":{"uv":[0,0,3,0],"texture":"#0"},"up":{"uv":[6,9,3,6],"texture":"#0"},"down":{"uv":[9,3,6,6],"texture":"#0"}}}],"display":{"thirdperson_righthand":{"rotation":[75,45,0],"translation":[0,2.5,0],"scale":[0.375,0.375,0.375]},"thirdperson_lefthand":{"rotation":[75,45,0],"translation":[0,2.5,0],"scale":[0.375,0.375,0.375]},"firstperson_righthand":{"rotation":[4.31,45.99,-2.88],"translation":[0,2.5,0],"scale":[0.375,0.375,0.375]},"firstperson_lefthand":{"rotation":[4.31,45.99,-2.88],"translation":[0,2.5,0],"scale":[0.375,0.375,0.375]},"ground":{"translation":[0,3,0],"scale":[0.25,0.25,0.25]},"gui":{"rotation":[30,225,0],"translation":[0,3,0],"scale":[0.625,0.625,0.625]},"fixed":{"rotation":[-90,0,0],"translation":[0,0,-14.5],"scale":[2,2,2]}}}